timestamp,ip_source,ip_dest,taille
11:42:04.766656,BP-Linux8.ssh,192.168.190.130.50019,108
0x0070:,ae6c,6ab9,8404
11:42:04.766694,BP-Linux8.ssh,192.168.190.130.50019,36
0x0040:,18e5,f808,4796
11:42:04.766723,BP-Linux8.ssh,192.168.190.130.50019,108
0x0040:,27c1,90d8,9974
0x0090:,ef58,fe50,5218
11:42:04.766744,BP-Linux8.ssh,192.168.190.130.50019,36
11:42:04.785366,192.168.190.130.50019,BP-Linux8.ssh,0
11:42:04.785384,192.168.190.130.50019,BP-Linux8.ssh,0
11:42:04.785406,192.168.190.130.50019,BP-Linux8.ssh,0
11:42:04.785454,192.168.190.130.50019,BP-Linux8.ssh,0
0x0010:,fa0c,0035,100
0x0020:,0000,0000,3930
0x0030:,3638,3932,6472
0x0040:,7270,000c,1
0x0010:,731e,e462,8183
0x0020:,0000,0000,3930
0x0030:,3638,3932,6472
0x0040:,7270,000c,1
0x0060:,2d73,6574,6672
0x0070:,726f,c041,5460
11:42:06.669393,192.168.190.130.50245,BP-Linux8.ssh,36
11:42:06.669906,BP-Linux8.ssh,192.168.190.130.50245,36
0x0010:,fa0c,0035,100
0x0030:,036f,0000,1
0x0010:,731e,cfe4,8180
0x0030:,036f,0000,100
11:42:06.681188,BP-Linux8.ssh,192.168.190.130.50245,116
0x0060:,0c88,5e86,8013
11:42:06.681222,BP-Linux8.ssh,192.168.190.130.50245,36
0x0050:,3c9c,1435,1435
0x0020:,0200,0000,5858
0x0030:,5858,5858,5858
0x0040:,5858,5858,5858
0x0050:,5858,5858,5858
0x0060:,5858,5858,5858
0x0070:,5858,5858,5858
0x0080:,5858,5858,5858
0x0090:,5858,5858,5858
0x0020:,0200,0000,5858
0x0030:,5858,5858,5858
0x0040:,5858,5858,5858
0x0050:,5858,5858,5858
0x0060:,5858,5858,5858
0x0070:,5858,5858,5858
0x0080:,5858,5858,5858
0x0090:,5858,5858,5858
0x0020:,0200,0000,5858
0x0030:,5858,5858,5858
0x0040:,5858,5858,5858
0x0050:,5858,5858,5858
0x0060:,5858,5858,5858
0x0070:,5858,5858,5858
0x0080:,5858,5858,5858
0x0090:,5858,5858,5858
0x0020:,0200,0000,5858
0x0030:,5858,5858,5858
0x0040:,5858,5858,5858
0x0050:,5858,5858,5858
0x0060:,5858,5858,5858
0x0070:,5858,5858,5858
0x0080:,5858,5858,5858
0x0090:,5858,5858,5858
0x0020:,0200,0000,5858
0x0030:,5858,5858,5858
0x0040:,5858,5858,5858
0x0050:,5858,5858,5858
0x0060:,5858,5858,5858
0x0070:,5858,5858,5858
0x0080:,5858,5858,5858
0x0090:,5858,5858,5858
0x0020:,0200,0000,5858
0x0030:,5858,5858,5858
0x0040:,5858,5858,5858
0x0050:,5858,5858,5858
0x0060:,5858,5858,5858
0x0070:,5858,5858,5858
0x0080:,5858,5858,5858
0x0090:,5858,5858,5858
0x0020:,0200,0000,5858
0x0030:,5858,5858,5858
0x0040:,5858,5858,5858
0x0050:,5858,5858,5858
0x0060:,5858,5858,5858
0x0070:,5858,5858,5858
0x0080:,5858,5858,5858
0x0090:,5858,5858,5858
0x0020:,0200,0000,5858
0x0030:,5858,5858,5858
0x0040:,5858,5858,5858
0x0050:,5858,5858,5858
0x0060:,5858,5858,5858
0x0070:,5858,5858,5858
0x0080:,5858,5858,5858
0x0090:,5858,5858,5858
0x0020:,0200,0000,5858
0x0030:,5858,5858,5858
0x0040:,5858,5858,5858
0x0050:,5858,5858,5858
0x0060:,5858,5858,5858
0x0070:,5858,5858,5858
0x0080:,5858,5858,5858
0x0090:,5858,5858,5858
0x0020:,0200,0000,5858
0x0030:,5858,5858,5858
0x0040:,5858,5858,5858
0x0050:,5858,5858,5858
0x0060:,5858,5858,5858
0x0070:,5858,5858,5858
0x0080:,5858,5858,5858
0x0090:,5858,5858,5858
0x0010:,2b4a,0050,9600
0x0020:,0200,0000,5858
0x0030:,5858,5858,5858
0x0040:,5858,5858,5858
0x0050:,5858,5858,5858
0x0060:,5858,5858,5858
0x0070:,5858,5858,5858
0x0080:,5858,5858,5858
0x0090:,5858,5858,5858
0x0010:,2b4a,0050,9280
0x0020:,0200,0000,5858
0x0030:,5858,5858,5858
0x0040:,5858,5858,5858
0x0050:,5858,5858,5858
0x0060:,5858,5858,5858
0x0070:,5858,5858,5858
0x0080:,5858,5858,5858
0x0090:,5858,5858,5858
0x0020:,0200,0000,5858
0x0030:,5858,5858,5858
0x0040:,5858,5858,5858
0x0050:,5858,5858,5858
0x0060:,5858,5858,5858
0x0070:,5858,5858,5858
0x0080:,5858,5858,5858
0x0090:,5858,5858,5858
0x0010:,2b4a,0050,8129
0x0020:,0200,0000,5858
0x0030:,5858,5858,5858
0x0040:,5858,5858,5858
0x0050:,5858,5858,5858
0x0060:,5858,5858,5858
0x0070:,5858,5858,5858
0x0080:,5858,5858,5858
0x0090:,5858,5858,5858
0x0010:,2b4a,0050,2117
0x0020:,0200,0000,5858
0x0030:,5858,5858,5858
0x0040:,5858,5858,5858
0x0050:,5858,5858,5858
0x0060:,5858,5858,5858
0x0070:,5858,5858,5858
0x0080:,5858,5858,5858
0x0090:,5858,5858,5858
0x0020:,0200,0000,5858
0x0030:,5858,5858,5858
0x0040:,5858,5858,5858
0x0050:,5858,5858,5858
0x0060:,5858,5858,5858
0x0070:,5858,5858,5858
0x0080:,5858,5858,5858
0x0090:,5858,5858,5858
0x0020:,0200,0000,5858
0x0030:,5858,5858,5858
0x0040:,5858,5858,5858
0x0050:,5858,5858,5858
0x0060:,5858,5858,5858
0x0070:,5858,5858,5858
0x0080:,5858,5858,5858
0x0090:,5858,5858,5858
0x0020:,0200,0000,5858
0x0030:,5858,5858,5858
0x0040:,5858,5858,5858
0x0050:,5858,5858,5858
0x0060:,5858,5858,5858
0x0070:,5858,5858,5858
0x0080:,5858,5858,5858
0x0090:,5858,5858,5858
0x0020:,0200,0000,5858
0x0030:,5858,5858,5858
0x0040:,5858,5858,5858
0x0050:,5858,5858,5858
0x0060:,5858,5858,5858
0x0070:,5858,5858,5858
0x0080:,5858,5858,5858
0x0090:,5858,5858,5858
0x0020:,0200,0000,5858
0x0030:,5858,5858,5858
0x0040:,5858,5858,5858
0x0050:,5858,5858,5858
0x0060:,5858,5858,5858
0x0070:,5858,5858,5858
0x0080:,5858,5858,5858
0x0090:,5858,5858,5858
0x0010:,2b4a,0050,54
0x0020:,0200,0000,5858
0x0030:,5858,5858,5858
0x0040:,5858,5858,5858
0x0050:,5858,5858,5858
0x0060:,5858,5858,5858
0x0070:,5858,5858,5858
0x0080:,5858,5858,5858
0x0090:,5858,5858,5858
0x0020:,0200,0000,5858
0x0030:,5858,5858,5858
0x0040:,5858,5858,5858
0x0050:,5858,5858,5858
0x0060:,5858,5858,5858
0x0070:,5858,5858,5858
0x0080:,5858,5858,5858
0x0090:,5858,5858,5858
0x0020:,0200,0000,5858
0x0030:,5858,5858,5858
0x0040:,5858,5858,5858
0x0050:,5858,5858,5858
0x0060:,5858,5858,5858
0x0070:,5858,5858,5858
0x0080:,5858,5858,5858
0x0090:,5858,5858,5858
0x0020:,0200,0000,5858
0x0030:,5858,5858,5858
0x0040:,5858,5858,5858
0x0050:,5858,5858,5858
0x0060:,5858,5858,5858
0x0070:,5858,5858,5858
0x0080:,5858,5858,5858
0x0090:,5858,5858,5858
0x0020:,0200,0000,5858
0x0030:,5858,5858,5858
0x0040:,5858,5858,5858
0x0050:,5858,5858,5858
0x0060:,5858,5858,5858
0x0070:,5858,5858,5858
0x0080:,5858,5858,5858
0x0090:,5858,5858,5858
0x0020:,0200,0000,5858
0x0030:,5858,5858,5858
0x0040:,5858,5858,5858
0x0050:,5858,5858,5858
0x0060:,5858,5858,5858
0x0070:,5858,5858,5858
0x0080:,5858,5858,5858
0x0090:,5858,5858,5858
0x0020:,0200,0000,5858
0x0030:,5858,5858,5858
0x0040:,5858,5858,5858
0x0050:,5858,5858,5858
0x0060:,5858,5858,5858
0x0070:,5858,5858,5858
0x0080:,5858,5858,5858
0x0090:,5858,5858,5858
0x0020:,0200,0000,5858
0x0030:,5858,5858,5858
0x0040:,5858,5858,5858
0x0050:,5858,5858,5858
0x0060:,5858,5858,5858
0x0070:,5858,5858,5858
0x0080:,5858,5858,5858
0x0090:,5858,5858,5858
0x0010:,2b4a,0050,7262
0x0020:,0200,0000,5858
0x0030:,5858,5858,5858
0x0040:,5858,5858,5858
0x0050:,5858,5858,5858
0x0060:,5858,5858,5858
0x0070:,5858,5858,5858
0x0080:,5858,5858,5858
0x0090:,5858,5858,5858
0x0020:,0200,0000,5858
0x0030:,5858,5858,5858
0x0040:,5858,5858,5858
0x0050:,5858,5858,5858
0x0060:,5858,5858,5858
0x0070:,5858,5858,5858
0x0080:,5858,5858,5858
0x0090:,5858,5858,5858
0x0010:,2b4a,0050,646
0x0020:,0200,0000,5858
0x0030:,5858,5858,5858
0x0040:,5858,5858,5858
0x0050:,5858,5858,5858
0x0060:,5858,5858,5858
0x0070:,5858,5858,5858
0x0080:,5858,5858,5858
0x0090:,5858,5858,5858
0x0020:,0200,0000,5858
0x0030:,5858,5858,5858
0x0040:,5858,5858,5858
0x0050:,5858,5858,5858
0x0060:,5858,5858,5858
0x0070:,5858,5858,5858
0x0080:,5858,5858,5858
0x0090:,5858,5858,5858
0x0020:,0200,0000,5858
0x0030:,5858,5858,5858
0x0040:,5858,5858,5858
0x0050:,5858,5858,5858
0x0060:,5858,5858,5858
0x0070:,5858,5858,5858
0x0080:,5858,5858,5858
0x0090:,5858,5858,5858
0x0020:,0200,0000,5858
0x0030:,5858,5858,5858
0x0040:,5858,5858,5858
0x0050:,5858,5858,5858
0x0060:,5858,5858,5858
0x0070:,5858,5858,5858
0x0080:,5858,5858,5858
0x0090:,5858,5858,5858
0x0020:,0200,0000,5858
0x0030:,5858,5858,5858
0x0040:,5858,5858,5858
0x0050:,5858,5858,5858
0x0060:,5858,5858,5858
0x0070:,5858,5858,5858
0x0080:,5858,5858,5858
0x0090:,5858,5858,5858
0x0020:,0200,0000,5858
0x0030:,5858,5858,5858
0x0040:,5858,5858,5858
0x0050:,5858,5858,5858
0x0060:,5858,5858,5858
0x0070:,5858,5858,5858
0x0080:,5858,5858,5858
0x0090:,5858,5858,5858
0x0020:,0200,0000,5858
0x0030:,5858,5858,5858
0x0040:,5858,5858,5858
0x0050:,5858,5858,5858
0x0060:,5858,5858,5858
0x0070:,5858,5858,5858
0x0080:,5858,5858,5858
0x0090:,5858,5858,5858
0x0020:,0200,0000,5858
0x0030:,5858,5858,5858
0x0040:,5858,5858,5858
0x0050:,5858,5858,5858
0x0060:,5858,5858,5858
0x0070:,5858,5858,5858
0x0080:,5858,5858,5858
0x0090:,5858,5858,5858
0x0010:,2b4a,0050,5356
0x0020:,0200,0000,5858
0x0030:,5858,5858,5858
0x0040:,5858,5858,5858
0x0050:,5858,5858,5858
0x0060:,5858,5858,5858
0x0070:,5858,5858,5858
0x0080:,5858,5858,5858
0x0090:,5858,5858,5858
0x0020:,0200,0000,5858
0x0030:,5858,5858,5858
0x0040:,5858,5858,5858
0x0050:,5858,5858,5858
0x0060:,5858,5858,5858
0x0070:,5858,5858,5858
0x0080:,5858,5858,5858
0x0090:,5858,5858,5858
0x0020:,0200,0000,5858
0x0030:,5858,5858,5858
0x0040:,5858,5858,5858
0x0050:,5858,5858,5858
0x0060:,5858,5858,5858
0x0070:,5858,5858,5858
0x0080:,5858,5858,5858
0x0090:,5858,5858,5858
0x0020:,0200,0000,5858
0x0030:,5858,5858,5858
0x0040:,5858,5858,5858
0x0050:,5858,5858,5858
0x0060:,5858,5858,5858
0x0070:,5858,5858,5858
0x0080:,5858,5858,5858
0x0090:,5858,5858,5858
0x0020:,0200,0000,5858
0x0030:,5858,5858,5858
0x0040:,5858,5858,5858
0x0050:,5858,5858,5858
0x0060:,5858,5858,5858
0x0070:,5858,5858,5858
0x0080:,5858,5858,5858
0x0090:,5858,5858,5858
0x0020:,0200,0000,5858
0x0030:,5858,5858,5858
0x0040:,5858,5858,5858
0x0050:,5858,5858,5858
0x0060:,5858,5858,5858
0x0070:,5858,5858,5858
0x0080:,5858,5858,5858
0x0090:,5858,5858,5858
0x0020:,0200,0000,5858
0x0030:,5858,5858,5858
0x0040:,5858,5858,5858
0x0050:,5858,5858,5858
0x0060:,5858,5858,5858
0x0070:,5858,5858,5858
0x0080:,5858,5858,5858
0x0090:,5858,5858,5858
0x0020:,0200,0000,5858
0x0030:,5858,5858,5858
0x0040:,5858,5858,5858
0x0050:,5858,5858,5858
0x0060:,5858,5858,5858
0x0070:,5858,5858,5858
0x0080:,5858,5858,5858
0x0090:,5858,5858,5858
0x0020:,0200,0000,5858
0x0030:,5858,5858,5858
0x0040:,5858,5858,5858
0x0050:,5858,5858,5858
0x0060:,5858,5858,5858
0x0070:,5858,5858,5858
0x0080:,5858,5858,5858
0x0090:,5858,5858,5858
0x0010:,2b4a,0050,177
0x0020:,0200,0000,5858
0x0030:,5858,5858,5858
0x0040:,5858,5858,5858
0x0050:,5858,5858,5858
0x0060:,5858,5858,5858
0x0070:,5858,5858,5858
0x0080:,5858,5858,5858
0x0090:,5858,5858,5858
0x0020:,0200,0000,5858
0x0030:,5858,5858,5858
0x0040:,5858,5858,5858
0x0050:,5858,5858,5858
0x0060:,5858,5858,5858
0x0070:,5858,5858,5858
0x0080:,5858,5858,5858
0x0090:,5858,5858,5858
0x0020:,0200,0000,5858
0x0030:,5858,5858,5858
0x0040:,5858,5858,5858
0x0050:,5858,5858,5858
0x0060:,5858,5858,5858
0x0070:,5858,5858,5858
0x0080:,5858,5858,5858
0x0090:,5858,5858,5858
0x0020:,0200,0000,5858
0x0030:,5858,5858,5858
0x0040:,5858,5858,5858
0x0050:,5858,5858,5858
0x0060:,5858,5858,5858
0x0070:,5858,5858,5858
0x0080:,5858,5858,5858
0x0090:,5858,5858,5858
0x0020:,0200,0000,5858
0x0030:,5858,5858,5858
0x0040:,5858,5858,5858
0x0050:,5858,5858,5858
0x0060:,5858,5858,5858
0x0070:,5858,5858,5858
0x0080:,5858,5858,5858
0x0090:,5858,5858,5858
0x0020:,0200,0000,5858
0x0030:,5858,5858,5858
0x0040:,5858,5858,5858
0x0050:,5858,5858,5858
0x0060:,5858,5858,5858
0x0070:,5858,5858,5858
0x0080:,5858,5858,5858
0x0090:,5858,5858,5858
0x0020:,0200,0000,5858
0x0030:,5858,5858,5858
0x0040:,5858,5858,5858
0x0050:,5858,5858,5858
0x0060:,5858,5858,5858
0x0070:,5858,5858,5858
0x0080:,5858,5858,5858
0x0090:,5858,5858,5858
0x0020:,0200,0000,5858
0x0030:,5858,5858,5858
0x0040:,5858,5858,5858
0x0050:,5858,5858,5858
0x0060:,5858,5858,5858
0x0070:,5858,5858,5858
0x0080:,5858,5858,5858
0x0090:,5858,5858,5858
0x0020:,0200,0000,5858
0x0030:,5858,5858,5858
0x0040:,5858,5858,5858
0x0050:,5858,5858,5858
0x0060:,5858,5858,5858
0x0070:,5858,5858,5858
0x0080:,5858,5858,5858
0x0090:,5858,5858,5858
0x0010:,2b4a,0050,7073
0x0020:,0200,0000,5858
0x0030:,5858,5858,5858
0x0040:,5858,5858,5858
0x0050:,5858,5858,5858
0x0060:,5858,5858,5858
0x0070:,5858,5858,5858
0x0080:,5858,5858,5858
0x0090:,5858,5858,5858
0x0010:,2b4a,0050,8642
0x0020:,0200,0000,5858
0x0030:,5858,5858,5858
0x0040:,5858,5858,5858
0x0050:,5858,5858,5858
0x0060:,5858,5858,5858
0x0070:,5858,5858,5858
0x0080:,5858,5858,5858
0x0090:,5858,5858,5858
0x0020:,0200,0000,5858
0x0030:,5858,5858,5858
0x0040:,5858,5858,5858
0x0050:,5858,5858,5858
0x0060:,5858,5858,5858
0x0070:,5858,5858,5858
0x0080:,5858,5858,5858
0x0090:,5858,5858,5858
0x0010:,2b4a,0050,4714
0x0020:,0200,0000,5858
0x0030:,5858,5858,5858
0x0040:,5858,5858,5858
0x0050:,5858,5858,5858
0x0060:,5858,5858,5858
0x0070:,5858,5858,5858
0x0080:,5858,5858,5858
0x0090:,5858,5858,5858
0x0020:,0200,0000,5858
0x0030:,5858,5858,5858
0x0040:,5858,5858,5858
0x0050:,5858,5858,5858
0x0060:,5858,5858,5858
0x0070:,5858,5858,5858
0x0080:,5858,5858,5858
0x0090:,5858,5858,5858
0x0020:,0200,0000,5858
0x0030:,5858,5858,5858
0x0040:,5858,5858,5858
0x0050:,5858,5858,5858
0x0060:,5858,5858,5858
0x0070:,5858,5858,5858
0x0080:,5858,5858,5858
0x0090:,5858,5858,5858
0x0020:,0200,0000,5858
0x0030:,5858,5858,5858
0x0040:,5858,5858,5858
0x0050:,5858,5858,5858
0x0060:,5858,5858,5858
0x0070:,5858,5858,5858
0x0080:,5858,5858,5858
0x0090:,5858,5858,5858
0x0020:,0200,0000,5858
0x0030:,5858,5858,5858
0x0040:,5858,5858,5858
0x0050:,5858,5858,5858
0x0060:,5858,5858,5858
0x0070:,5858,5858,5858
0x0080:,5858,5858,5858
0x0090:,5858,5858,5858
0x0020:,0200,0000,5858
0x0030:,5858,5858,5858
0x0040:,5858,5858,5858
0x0050:,5858,5858,5858
0x0060:,5858,5858,5858
0x0070:,5858,5858,5858
0x0080:,5858,5858,5858
0x0090:,5858,5858,5858
0x0020:,0200,0000,5858
0x0030:,5858,5858,5858
0x0040:,5858,5858,5858
0x0050:,5858,5858,5858
0x0060:,5858,5858,5858
0x0070:,5858,5858,5858
0x0080:,5858,5858,5858
0x0090:,5858,5858,5858
0x0020:,0200,0000,5858
0x0030:,5858,5858,5858
0x0040:,5858,5858,5858
0x0050:,5858,5858,5858
0x0060:,5858,5858,5858
0x0070:,5858,5858,5858
0x0080:,5858,5858,5858
0x0090:,5858,5858,5858
0x0020:,0200,0000,5858
0x0030:,5858,5858,5858
0x0040:,5858,5858,5858
0x0050:,5858,5858,5858
0x0060:,5858,5858,5858
0x0070:,5858,5858,5858
0x0080:,5858,5858,5858
0x0090:,5858,5858,5858
0x0020:,0200,0000,5858
0x0030:,5858,5858,5858
0x0040:,5858,5858,5858
0x0050:,5858,5858,5858
0x0060:,5858,5858,5858
0x0070:,5858,5858,5858
0x0080:,5858,5858,5858
0x0090:,5858,5858,5858
0x0020:,0200,0000,5858
0x0030:,5858,5858,5858
0x0040:,5858,5858,5858
0x0050:,5858,5858,5858
0x0060:,5858,5858,5858
0x0070:,5858,5858,5858
0x0080:,5858,5858,5858
0x0090:,5858,5858,5858
0x0020:,0200,0000,5858
0x0030:,5858,5858,5858
0x0040:,5858,5858,5858
0x0050:,5858,5858,5858
0x0060:,5858,5858,5858
0x0070:,5858,5858,5858
0x0080:,5858,5858,5858
0x0090:,5858,5858,5858
0x0010:,2b4a,0050,2437
0x0020:,0200,0000,5858
0x0030:,5858,5858,5858
0x0040:,5858,5858,5858
0x0050:,5858,5858,5858
0x0060:,5858,5858,5858
0x0070:,5858,5858,5858
0x0080:,5858,5858,5858
0x0090:,5858,5858,5858
0x0020:,0200,0000,5858
0x0030:,5858,5858,5858
0x0040:,5858,5858,5858
0x0050:,5858,5858,5858
0x0060:,5858,5858,5858
0x0070:,5858,5858,5858
0x0080:,5858,5858,5858
0x0090:,5858,5858,5858
0x0020:,0200,0000,5858
0x0030:,5858,5858,5858
0x0040:,5858,5858,5858
0x0050:,5858,5858,5858
0x0060:,5858,5858,5858
0x0070:,5858,5858,5858
0x0080:,5858,5858,5858
0x0090:,5858,5858,5858
0x0010:,2b4a,0050,2720
0x0020:,0200,0000,5858
0x0030:,5858,5858,5858
0x0040:,5858,5858,5858
0x0050:,5858,5858,5858
0x0060:,5858,5858,5858
0x0070:,5858,5858,5858
0x0080:,5858,5858,5858
0x0090:,5858,5858,5858
0x0020:,0200,0000,5858
0x0030:,5858,5858,5858
0x0040:,5858,5858,5858
0x0050:,5858,5858,5858
0x0060:,5858,5858,5858
0x0070:,5858,5858,5858
0x0080:,5858,5858,5858
0x0090:,5858,5858,5858
0x0010:,2b4a,0050,6235
0x0020:,0200,0000,5858
0x0030:,5858,5858,5858
0x0040:,5858,5858,5858
0x0050:,5858,5858,5858
0x0060:,5858,5858,5858
0x0070:,5858,5858,5858
0x0080:,5858,5858,5858
0x0090:,5858,5858,5858
0x0020:,0200,0000,5858
0x0030:,5858,5858,5858
0x0040:,5858,5858,5858
0x0050:,5858,5858,5858
0x0060:,5858,5858,5858
0x0070:,5858,5858,5858
0x0080:,5858,5858,5858
0x0090:,5858,5858,5858
0x0010:,2b4a,0050,744
0x0020:,0200,0000,5858
0x0030:,5858,5858,5858
0x0040:,5858,5858,5858
0x0050:,5858,5858,5858
0x0060:,5858,5858,5858
0x0070:,5858,5858,5858
0x0080:,5858,5858,5858
0x0090:,5858,5858,5858
0x0020:,0200,0000,5858
0x0030:,5858,5858,5858
0x0040:,5858,5858,5858
0x0050:,5858,5858,5858
0x0060:,5858,5858,5858
0x0070:,5858,5858,5858
0x0080:,5858,5858,5858
0x0090:,5858,5858,5858
0x0020:,0200,0000,5858
